name,trailers
A Maldição do Espelho,https://www.youtube.com/embed/bY46wtgQfEw
Aprendiz de Espiã,https://www.youtube.com/embed/bY46wtgQfEw
Bloodshot,https://www.youtube.com/embed/bY46wtgQfEw
O Oficial e o Espião,https://www.youtube.com/embed/bY46wtgQfEw
Solteira Quase Surtando,https://www.youtube.com/embed/bY46wtgQfEw
Terremoto,https://www.youtube.com/embed/bY46wtgQfEw
Dois Irmãos - Uma Jornada Fantástica,https://www.youtube.com/embed/bY46wtgQfEw
O Melhor Está Por Vir,https://www.youtube.com/embed/bY46wtgQfEw
Seberg Contra Todos,https://www.youtube.com/embed/bY46wtgQfEw
Vou Nadar Até Você,https://www.youtube.com/embed/bY46wtgQfEw
A Hora da Sua Morte,https://www.youtube.com/embed/bY46wtgQfEw
O Homem Invisível,https://www.youtube.com/embed/bY46wtgQfEw
